"Status","Start Time","Stop Time","Duration in ms","Parent Suite","Suite","Sub Suite","Test Class","Test Method","Name","Description"
"failed","Tue Aug 13 08:55:40 CST 2019","Tue Aug 13 08:55:40 CST 2019","0","T1","test_2","","","","test_three",""
"passed","Tue Aug 13 08:55:40 CST 2019","Tue Aug 13 08:55:40 CST 2019","0","T1","test_1","","","","test_1",""
"passed","Tue Aug 13 08:55:40 CST 2019","Tue Aug 13 08:55:40 CST 2019","0","T1","test_3","","","","test_2",""
"passed","Tue Aug 13 08:55:40 CST 2019","Tue Aug 13 08:55:40 CST 2019","0","T1","test_1","","","","test_three",""
"passed","Tue Aug 13 08:55:40 CST 2019","Tue Aug 13 08:55:40 CST 2019","1","T1","test_1","","","","test_2",""
"failed","Tue Aug 13 08:55:40 CST 2019","Tue Aug 13 08:55:40 CST 2019","1","T1","test_2","","","","test_2",""
"failed","Tue Aug 13 08:55:40 CST 2019","Tue Aug 13 08:55:40 CST 2019","1","T1","test_2","","","","test_1",""
"passed","Tue Aug 13 08:55:40 CST 2019","Tue Aug 13 08:55:40 CST 2019","1","T1","test_3","","","","test_3",""
"passed","Tue Aug 13 08:55:40 CST 2019","Tue Aug 13 08:55:40 CST 2019","1","T1","test_3","","","","test_1",""
